{
	"id": "4457eb63-17cf-322b-7085-8e854cce58f5",
	"name": "Savya API",
	"description": "",
	"order": [
		"8db54d51-2ebf-ad3c-46b1-103b35a1bf0f",
		"eccad63e-adce-824e-9ef9-7d23a379ff74",
		"e5074a1c-364a-2bc9-4c37-951e0ed9d07e",
		"16834949-de9b-a038-a86e-6742c5d14be8",
		"854e75dc-5d10-c68e-447a-5aa5a183ae07",
		"f8f25f51-6196-ea73-89da-59276c526782",
		"1c49a2fa-6b5b-9666-bb7d-b8f71b5eeb4c",
		"94424f22-731f-dba8-113a-d73b9d55fd09",
		"8a887f77-e9ec-f83a-48e7-b0d7315a5516",
		"f5f2d256-75d7-6c1e-97b1-c120db7181ed",
		"e814477e-e404-6849-81f4-e764bbfc0803",
		"31689b39-9af7-cca4-70b6-a6db6af814a8",
		"d39c1d3c-e86c-83f5-e724-ab467c22a47e",
		"a83f1c27-9048-9fa6-5b36-ab529f24321b",
		"ddc8ed89-1d1e-ca38-5b94-264ee4426c3f",
		"89176f1f-7372-d7b9-f760-dc0400386d10",
		"62a34551-d537-3a45-453b-817266a3794e"
	],
	"folders": [],
	"folders_order": [],
	"timestamp": 1578755137221,
	"owner": "985861",
	"public": false,
	"requests": [
		{
			"id": "16834949-de9b-a038-a86e-6742c5d14be8",
			"headers": "APP_KEY: 8447126401\n",
			"headerData": [
				{
					"key": "APP_KEY",
					"value": "8447126401",
					"description": "",
					"enabled": true
				}
			],
			"url": "http://newapp.savyajewels.net/api/search/filter/menu",
			"queryParams": [],
			"pathVariables": {},
			"pathVariableData": [],
			"preRequestScript": null,
			"method": "POST",
			"collectionId": "4457eb63-17cf-322b-7085-8e854cce58f5",
			"data": [
				{
					"key": " ",
					"value": "",
					"description": "",
					"type": "text",
					"enabled": false
				}
			],
			"dataMode": "params",
			"name": "Filter Menu",
			"description": "",
			"descriptionFormat": "html",
			"time": 1578756800739,
			"version": 2,
			"responses": [],
			"tests": null,
			"currentHelper": "normal",
			"helperAttributes": {}
		},
		{
			"id": "1c49a2fa-6b5b-9666-bb7d-b8f71b5eeb4c",
			"headers": "APP_KEY: 8447126401\nContent-Type: application/json\n",
			"headerData": [
				{
					"key": "APP_KEY",
					"value": "8447126401",
					"description": "",
					"enabled": true
				},
				{
					"key": "Content-Type",
					"value": "application/json",
					"description": "",
					"enabled": true
				}
			],
			"url": "http://newapp.savyajewels.net/api/search/filter?page=1",
			"queryParams": [
				{
					"key": "page",
					"value": "1",
					"equals": true,
					"description": "",
					"enabled": true
				}
			],
			"pathVariables": {},
			"pathVariableData": [],
			"preRequestScript": null,
			"method": "POST",
			"collectionId": "4457eb63-17cf-322b-7085-8e854cce58f5",
			"data": [],
			"dataMode": "raw",
			"name": "Filter",
			"description": "",
			"descriptionFormat": "html",
			"time": 1579059008108,
			"version": 2,
			"responses": [],
			"tests": null,
			"currentHelper": "normal",
			"helperAttributes": {},
			"rawModeData": "{\r\n    \"menu\": {\r\n        \"jewelery_for\": [\r\n            \"Male\",\r\n            \"FeMale\",\r\n            \"Other\",\r\n            \"All\"\r\n        ],\r\n        \"jewelery_type\": [\r\n            \"ring\"\r\n        ],\r\n        \"purity\": [\r\n            \"18K\",\r\n            \"14K\",\r\n            \"20K\",\r\n            \"22K\",\r\n            \"180K\"\r\n        ],\r\n        \"material\": [\r\n            \"Gold\",\r\n            \"Diamond\",\r\n            \"Platinum\",\r\n            \"Silver\"\r\n        ],\r\n        \"price\": {\r\n            \"min\":10,\r\n            \"max\":30\r\n        },\r\n        \"subcategory\":1\r\n    }\r\n}"
		},
		{
			"id": "31689b39-9af7-cca4-70b6-a6db6af814a8",
			"headers": "APP_KEY: 8447126401\nContent-Type: application/json\n",
			"headerData": [
				{
					"key": "APP_KEY",
					"value": "8447126401",
					"description": "",
					"enabled": true
				},
				{
					"key": "Content-Type",
					"value": "application/json",
					"description": "",
					"enabled": true
				}
			],
			"url": "http://newapp.savyajewels.net/api/user/checkout",
			"queryParams": [],
			"pathVariables": {},
			"pathVariableData": [],
			"preRequestScript": null,
			"method": "POST",
			"collectionId": "4457eb63-17cf-322b-7085-8e854cce58f5",
			"data": [],
			"dataMode": "raw",
			"name": "Checkout",
			"description": "",
			"descriptionFormat": "html",
			"time": 1579973042381,
			"version": 2,
			"responses": [],
			"tests": null,
			"currentHelper": "normal",
			"helperAttributes": {},
			"rawModeData": "{\r   \"calculation\":\r{\r    \"address_id\":\"1\",\r    \"userid\": \"1\",\r    \"total\":\"15000\",\r    \"sgst\":\"3500\",\r    \"igst\":\"100\",\r    \"cgst\":\"3500\",\r    \"final_total\":\"22000\",\r    \"sgst_per\":\"1.5\",\r    \"paymentMode\":\"cod\",\r    \"transaction_id\":\"\",\r    \"feedback\":\"feedback\",\r    \"cgst_per\":\"1.5\",\r    \"igst_per\":\"12\",\r    \"discount_amount\":\"500\",\r    \"coupanCode\":\"EXT2\",\r    \r  \"data\": [\r    {\r      \"count\": 1,\r      \"productId\": 3,\r      \"userid\": \"1\",\r      \"category\": \"gold\",\r      \"subCategory\": \"subCategory\",\r      \"subSubCategory\": \"subSubCategory\",\r      \"productCode\": \"productCode\",\r      \"productName\": \"productName\",\r      \"description\": \"description\",\r      \"productType\": \"productType\",\r      \"productTotal\":\"1500\",\r      \"totalMakingCharge\":\"500\",\r      \"size\":\"6\",\r      \"defaultColor\":\"Yellow\",\r      \"assests\": [\r        {\r          \"weight\": \"2.5\",\r          \"materialType\": \"18k\",\r          \"makingCharge\": 2500,\r          \"option\": \"pergram\",\r          \"productId\": \"productId\",\r          \"metal\": \"Gold\"\r        },\r        {\r          \"weight\": \"2.5\",\r          \"materialType\": \"VJ-VSS\",\r          \"makingCharge\": 2500,\r          \"option\": \"pergram\",\r          \"productId\": \"productId\",\r          \"metal\": \"Diamond\"\r        },\r        {\r          \"weight\": \"2.5\",\r          \"materialType\": \"RUBY\",\r          \"makingCharge\": 25,\r          \"option\": \"pergram\",\r          \"productId\": \"productId\",\r          \"metal\": \"Stone\"\r        }\r      ]\r    },\r    {\r  \"count\": 1,\r      \"productId\": 4,\r      \"userid\": \"1\",\r      \"category\": \"gold\",\r      \"subCategory\": \"subCategory\",\r      \"subSubCategory\": \"subSubCategory\",\r      \"productCode\": \"productCode\",\r      \"productName\": \"productName\",\r      \"description\": \"description\",\r      \"productType\": \"productType\",\r      \"productTotal\":\"1500\",\r      \"totalMakingCharge\":\"500\",\r      \"size\":\"6\",\r      \"defaultColor\":\"Yellow\",\r      \"assests\": [\r        {\r          \"weight\": \"2.5\",\r          \"materialType\": \"18k\",\r          \"makingCharge\": 2500,\r          \"option\": \"pergram\",\r          \"productId\": \"productId\",\r          \"metal\": \"Gold\"\r        },\r        {\r          \"weight\": \"2.5\",\r          \"materialType\": \"VJ-VSS\",\r          \"makingCharge\": 2500,\r          \"option\": \"pergram\",\r          \"productId\": \"productId\",\r          \"metal\": \"Diamond\"\r        },\r        {\r          \"weight\": \"2.5\",\r          \"materialType\": \"RUBY\",\r          \"makingCharge\": 25,\r          \"option\": \"pergram\",\r          \"productId\": \"productId\",\r          \"metal\": \"Stone\"\r        }\r      ]\r    }\r  ]\r   }\r}"
		},
		{
			"id": "62a34551-d537-3a45-453b-817266a3794e",
			"headers": "APP_KEY: 8447126401\nContent-Type: application/x-www-form-urlencoded\n",
			"headerData": [
				{
					"key": "APP_KEY",
					"value": "8447126401",
					"description": "",
					"enabled": true
				},
				{
					"key": "Content-Type",
					"value": "application/x-www-form-urlencoded",
					"description": "",
					"enabled": true
				}
			],
			"url": "http://newapp.savyajewels.net/api/user/kyc",
			"queryParams": [],
			"pathVariables": {},
			"pathVariableData": [],
			"preRequestScript": null,
			"method": "POST",
			"collectionId": "4457eb63-17cf-322b-7085-8e854cce58f5",
			"data": [
				{
					"key": "gst_no",
					"value": "ASaSCXSACASC",
					"description": "",
					"type": "text",
					"enabled": true
				},
				{
					"key": "pan_no",
					"value": "ACSCSACS",
					"description": "",
					"type": "text",
					"enabled": true
				},
				{
					"key": "aadhar",
					"value": "123456789987",
					"description": "",
					"type": "text",
					"enabled": true
				},
				{
					"key": "aadhar_doc",
					"value": "",
					"description": "",
					"type": "file",
					"enabled": true
				},
				{
					"key": "visiting_doc",
					"value": "",
					"description": "",
					"type": "file",
					"enabled": true
				},
				{
					"key": "pan_doc",
					"value": "",
					"description": "",
					"type": "file",
					"enabled": true
				},
				{
					"key": "mobile_no",
					"value": "8976898022",
					"description": "",
					"type": "text",
					"enabled": true
				},
				{
					"key": "gst_doc",
					"value": "",
					"description": "",
					"type": "file",
					"enabled": true
				}
			],
			"dataMode": "params",
			"name": "KYC API",
			"description": "",
			"descriptionFormat": "html",
			"time": 1580752518543,
			"version": 2,
			"responses": [],
			"tests": null,
			"currentHelper": "normal",
			"helperAttributes": {}
		},
		{
			"id": "854e75dc-5d10-c68e-447a-5aa5a183ae07",
			"headers": "APP_KEY: 8447126401\nContent-Type: application/x-www-form-urlencoded\n",
			"headerData": [
				{
					"key": "APP_KEY",
					"value": "8447126401",
					"description": "",
					"enabled": true
				},
				{
					"key": "Content-Type",
					"value": "application/x-www-form-urlencoded",
					"description": "",
					"enabled": true
				}
			],
			"url": "http://newapp.savyajewels.net/api/product/list",
			"queryParams": [],
			"preRequestScript": null,
			"pathVariables": {},
			"pathVariableData": [],
			"method": "POST",
			"data": [
				{
					"key": "page",
					"value": "1",
					"description": "",
					"type": "text",
					"enabled": true
				},
				{
					"key": "subsubcategory_id",
					"value": "19",
					"description": "",
					"type": "text",
					"enabled": true
				},
				{
					"key": "orderby",
					"value": "",
					"description": "",
					"type": "text",
					"enabled": true
				}
			],
			"dataMode": "urlencoded",
			"version": 2,
			"tests": null,
			"currentHelper": "normal",
			"helperAttributes": {},
			"time": 1580406899799,
			"name": "Product List",
			"description": "",
			"collectionId": "4457eb63-17cf-322b-7085-8e854cce58f5",
			"responses": []
		},
		{
			"id": "89176f1f-7372-d7b9-f760-dc0400386d10",
			"headers": "APP_KEY: 8447126401\nContent-Type: application/x-www-form-urlencoded\n",
			"headerData": [
				{
					"key": "APP_KEY",
					"value": "8447126401",
					"description": "",
					"enabled": true
				},
				{
					"key": "Content-Type",
					"value": "application/x-www-form-urlencoded",
					"description": "",
					"enabled": true
				}
			],
			"url": "http://newapp.savyajewels.net/api/user/subsubcategory/single",
			"queryParams": [],
			"pathVariables": {},
			"pathVariableData": [],
			"preRequestScript": null,
			"method": "POST",
			"collectionId": "4457eb63-17cf-322b-7085-8e854cce58f5",
			"data": [
				{
					"key": "subcategory_id",
					"value": "7",
					"description": "",
					"type": "text",
					"enabled": true
				}
			],
			"dataMode": "urlencoded",
			"name": "Sub Sub Category List",
			"description": "",
			"descriptionFormat": "html",
			"time": 1580491538087,
			"version": 2,
			"responses": [],
			"tests": null,
			"currentHelper": "normal",
			"helperAttributes": {}
		},
		{
			"id": "8a887f77-e9ec-f83a-48e7-b0d7315a5516",
			"headers": "APP_KEY: 8447126401\nContent-Type: application/x-www-form-urlencoded\n",
			"headerData": [
				{
					"key": "APP_KEY",
					"value": "8447126401",
					"description": "",
					"enabled": true
				},
				{
					"key": "Content-Type",
					"value": "application/x-www-form-urlencoded",
					"description": "",
					"enabled": true
				}
			],
			"url": "http://wowpalate.pe.hu/api/user/wishlist/view",
			"queryParams": [],
			"pathVariables": {},
			"pathVariableData": [],
			"preRequestScript": null,
			"method": "POST",
			"collectionId": "4457eb63-17cf-322b-7085-8e854cce58f5",
			"data": [
				{
					"key": "uid",
					"value": "3",
					"description": "",
					"type": "text",
					"enabled": true
				}
			],
			"dataMode": "urlencoded",
			"name": "Get Wish List",
			"description": "",
			"descriptionFormat": "html",
			"time": 1579959818998,
			"version": 2,
			"responses": [],
			"tests": null,
			"currentHelper": "normal",
			"helperAttributes": {}
		},
		{
			"id": "8db54d51-2ebf-ad3c-46b1-103b35a1bf0f",
			"headers": "APP_KEY: 8447126401\n",
			"headerData": [
				{
					"key": "APP_KEY",
					"value": "8447126401",
					"description": "",
					"enabled": true
				}
			],
			"url": "http://newapp.savyajewels.net/api/user/dashboard/home",
			"queryParams": [],
			"preRequestScript": null,
			"pathVariables": {},
			"pathVariableData": [],
			"method": "POST",
			"data": [
				{
					"key": "subsubcategory_id",
					"value": "2",
					"description": "",
					"type": "text",
					"enabled": true
				},
				{
					"key": " ",
					"value": "",
					"description": "",
					"type": "text",
					"enabled": false
				}
			],
			"dataMode": "params",
			"version": 2,
			"tests": null,
			"currentHelper": "normal",
			"helperAttributes": {},
			"time": 1578755603346,
			"name": "DashBoard",
			"description": "",
			"collectionId": "4457eb63-17cf-322b-7085-8e854cce58f5",
			"responses": []
		},
		{
			"id": "94424f22-731f-dba8-113a-d73b9d55fd09",
			"headers": "APP_KEY: 8447126401\nContent-Type: application/x-www-form-urlencoded\n",
			"headerData": [
				{
					"key": "APP_KEY",
					"value": "8447126401",
					"description": "",
					"enabled": true
				},
				{
					"key": "Content-Type",
					"value": "application/x-www-form-urlencoded",
					"description": "",
					"enabled": true
				}
			],
			"url": "http://newapp.savyajewels.net/api/product/list/guest",
			"queryParams": [],
			"pathVariables": {},
			"pathVariableData": [],
			"preRequestScript": null,
			"method": "POST",
			"collectionId": "4457eb63-17cf-322b-7085-8e854cce58f5",
			"data": [
				{
					"key": "subsubcategory_id",
					"value": "1",
					"description": "",
					"type": "text",
					"enabled": true
				},
				{
					"key": "page",
					"value": "1",
					"description": "",
					"type": "text",
					"enabled": true
				}
			],
			"dataMode": "urlencoded",
			"name": "Guest List",
			"description": "",
			"descriptionFormat": "html",
			"time": 1579109119719,
			"version": 2,
			"responses": [],
			"tests": null,
			"currentHelper": "normal",
			"helperAttributes": {}
		},
		{
			"id": "a83f1c27-9048-9fa6-5b36-ab529f24321b",
			"headers": "APP_KEY: 8447126401\nContent-Type: application/x-www-form-urlencoded\n",
			"headerData": [
				{
					"key": "APP_KEY",
					"value": "8447126401",
					"description": "",
					"enabled": true
				},
				{
					"key": "Content-Type",
					"value": "application/x-www-form-urlencoded",
					"description": "",
					"enabled": true
				}
			],
			"url": "http://newapp.savyajewels.net/api/user/profile/update",
			"queryParams": [],
			"pathVariables": {},
			"pathVariableData": [],
			"preRequestScript": null,
			"method": "POST",
			"collectionId": "4457eb63-17cf-322b-7085-8e854cce58f5",
			"data": [
				{
					"key": "designation",
					"value": "android test",
					"type": "text",
					"enabled": true,
					"description": ""
				},
				{
					"key": "name",
					"value": "rahul",
					"type": "text",
					"enabled": true,
					"description": ""
				},
				{
					"key": "register_type",
					"value": "Manufacturer",
					"type": "text",
					"enabled": true,
					"description": ""
				},
				{
					"key": "company_name",
					"value": "ahy",
					"type": "text",
					"enabled": true,
					"description": ""
				},
				{
					"key": "gstno",
					"value": "12ABCDE0000F1Z5",
					"type": "text",
					"enabled": true,
					"description": ""
				},
				{
					"key": "panno",
					"value": "BCEPC3422M",
					"type": "text",
					"enabled": true,
					"description": ""
				},
				{
					"key": "email",
					"value": "rahulrkumar7@gmail.cmm",
					"type": "text",
					"enabled": true,
					"description": ""
				},
				{
					"key": "mobile_no",
					"value": "8976898022",
					"type": "text",
					"enabled": true,
					"description": ""
				},
				{
					"key": "city",
					"value": "mumbai",
					"type": "text",
					"enabled": true,
					"description": ""
				},
				{
					"key": "state",
					"value": "Maharashtra",
					"type": "text",
					"enabled": true,
					"description": ""
				},
				{
					"key": "pincode",
					"value": "400083",
					"type": "text",
					"enabled": true,
					"description": ""
				},
				{
					"key": "address",
					"value": "mumbai",
					"type": "text",
					"enabled": true,
					"description": ""
				},
				{
					"key": "agent_code",
					"value": "",
					"type": "text",
					"enabled": true,
					"description": ""
				}
			],
			"dataMode": "urlencoded",
			"name": "Update User",
			"description": "",
			"descriptionFormat": "html",
			"time": 1580407271989,
			"version": 2,
			"responses": [],
			"tests": null,
			"currentHelper": "normal",
			"helperAttributes": {}
		},
		{
			"id": "d39c1d3c-e86c-83f5-e724-ab467c22a47e",
			"headers": "APP_KEY: 8447126401\nContent-Type: application/x-www-form-urlencoded\n",
			"headerData": [
				{
					"key": "APP_KEY",
					"value": "8447126401",
					"description": "",
					"enabled": true
				},
				{
					"key": "Content-Type",
					"value": "application/x-www-form-urlencoded",
					"description": "",
					"enabled": true
				}
			],
			"url": "http://newapp.savyajewels.net/api/user/login",
			"queryParams": [],
			"pathVariables": {},
			"pathVariableData": [],
			"preRequestScript": null,
			"method": "POST",
			"collectionId": "4457eb63-17cf-322b-7085-8e854cce58f5",
			"data": [
				{
					"key": "mobile_no",
					"value": "8976898022",
					"description": "",
					"type": "text",
					"enabled": true
				},
				{
					"key": "password",
					"value": "rahul",
					"description": "",
					"type": "text",
					"enabled": true
				},
				{
					"key": "identifier",
					"value": "scsacascasc",
					"description": "",
					"type": "text",
					"enabled": true
				},
				{
					"key": "imei",
					"value": "265651321616551615",
					"description": "",
					"type": "text",
					"enabled": true
				},
				{
					"key": "one_singnal",
					"value": "ascascsacsaca",
					"description": "",
					"type": "text",
					"enabled": true
				},
				{
					"key": "mobile_type",
					"value": "android",
					"description": "",
					"type": "text",
					"enabled": true
				}
			],
			"dataMode": "urlencoded",
			"name": "Login",
			"description": "",
			"descriptionFormat": "html",
			"time": 1580234341358,
			"version": 2,
			"responses": [],
			"tests": null,
			"currentHelper": "normal",
			"helperAttributes": {}
		},
		{
			"id": "ddc8ed89-1d1e-ca38-5b94-264ee4426c3f",
			"headers": "APP_KEY: 8447126401\nContent-Type: application/x-www-form-urlencoded\n",
			"headerData": [
				{
					"key": "APP_KEY",
					"value": "8447126401",
					"description": "",
					"enabled": true
				},
				{
					"key": "Content-Type",
					"value": "application/x-www-form-urlencoded",
					"description": "",
					"enabled": true
				}
			],
			"url": "http://newapp.savyajewels.net/api/admin/app/navigation",
			"queryParams": [],
			"pathVariables": {},
			"pathVariableData": [],
			"preRequestScript": null,
			"method": "POST",
			"collectionId": "4457eb63-17cf-322b-7085-8e854cce58f5",
			"data": null,
			"dataMode": "params",
			"name": "MainNavigation",
			"description": "",
			"descriptionFormat": "html",
			"time": 1580490717403,
			"version": 2,
			"responses": [],
			"tests": null,
			"currentHelper": "normal",
			"helperAttributes": {}
		},
		{
			"id": "e5074a1c-364a-2bc9-4c37-951e0ed9d07e",
			"headers": "APP_KEY: 8447126401\nContent-Type: application/x-www-form-urlencoded\n",
			"headerData": [
				{
					"key": "APP_KEY",
					"value": "8447126401",
					"description": "",
					"enabled": true
				},
				{
					"key": "Content-Type",
					"value": "application/x-www-form-urlencoded",
					"description": "",
					"enabled": true
				}
			],
			"url": "http://newapp.savyajewels.net/api/single/product/details",
			"queryParams": [],
			"pathVariables": {},
			"pathVariableData": [],
			"preRequestScript": null,
			"method": "POST",
			"collectionId": "4457eb63-17cf-322b-7085-8e854cce58f5",
			"data": [
				{
					"key": "pagenoproduct_id",
					"value": "3",
					"description": "",
					"type": "text",
					"enabled": false
				},
				{
					"key": "subsubcategory_id",
					"value": "1",
					"description": "",
					"type": "text",
					"enabled": false
				},
				{
					"key": "product_id",
					"value": "24",
					"description": "",
					"type": "text",
					"enabled": true
				}
			],
			"dataMode": "urlencoded",
			"name": "Product Details",
			"description": "",
			"descriptionFormat": "html",
			"time": 1578755673672,
			"version": 2,
			"responses": [],
			"tests": null,
			"currentHelper": "normal",
			"helperAttributes": {}
		},
		{
			"id": "e814477e-e404-6849-81f4-e764bbfc0803",
			"headers": "APP_KEY: 8447126401\nContent-Type: application/x-www-form-urlencoded\n",
			"headerData": [
				{
					"key": "APP_KEY",
					"value": "8447126401",
					"description": "",
					"enabled": true
				},
				{
					"key": "Content-Type",
					"value": "application/x-www-form-urlencoded",
					"description": "",
					"enabled": true
				}
			],
			"url": "http://wowpalate.pe.hu/api/user/wishlist/delete",
			"queryParams": [],
			"pathVariables": {},
			"pathVariableData": [],
			"preRequestScript": null,
			"method": "POST",
			"collectionId": "4457eb63-17cf-322b-7085-8e854cce58f5",
			"data": [
				{
					"key": "uid",
					"value": "3",
					"description": "",
					"type": "text",
					"enabled": true
				},
				{
					"key": "product_id",
					"value": "122",
					"description": "",
					"type": "text",
					"enabled": false
				}
			],
			"dataMode": "urlencoded",
			"name": "WishList Delete ",
			"description": "",
			"descriptionFormat": "html",
			"time": 1579960029432,
			"version": 2,
			"responses": [],
			"tests": null,
			"currentHelper": "normal",
			"helperAttributes": {}
		},
		{
			"id": "eccad63e-adce-824e-9ef9-7d23a379ff74",
			"headers": "APP_KEY: 8447126401\n",
			"headerData": [
				{
					"key": "APP_KEY",
					"value": "8447126401",
					"description": "",
					"enabled": true
				}
			],
			"url": "http://newapp.savyajewels.net/api/product/list/guest",
			"queryParams": [],
			"pathVariables": {},
			"pathVariableData": [],
			"preRequestScript": null,
			"method": "POST",
			"collectionId": "4457eb63-17cf-322b-7085-8e854cce58f5",
			"data": [
				{
					"key": "subsubcategory_id",
					"value": "1",
					"description": "",
					"type": "text",
					"enabled": true
				},
				{
					"key": " ",
					"value": "",
					"description": "",
					"type": "text",
					"enabled": false
				}
			],
			"dataMode": "params",
			"name": "Guest List",
			"description": "",
			"descriptionFormat": "html",
			"time": 1578755595852,
			"version": 2,
			"responses": [],
			"tests": null,
			"currentHelper": "normal",
			"helperAttributes": {}
		},
		{
			"id": "f5f2d256-75d7-6c1e-97b1-c120db7181ed",
			"headers": "APP_KEY: 8447126401\nContent-Type: application/x-www-form-urlencoded\n",
			"headerData": [
				{
					"key": "APP_KEY",
					"value": "8447126401",
					"description": "",
					"enabled": true
				},
				{
					"key": "Content-Type",
					"value": "application/x-www-form-urlencoded",
					"description": "",
					"enabled": true
				}
			],
			"url": "http://wowpalate.pe.hu/api/user/wishlist/store",
			"queryParams": [],
			"pathVariables": {},
			"pathVariableData": [],
			"preRequestScript": null,
			"method": "POST",
			"collectionId": "4457eb63-17cf-322b-7085-8e854cce58f5",
			"data": [
				{
					"key": "uid",
					"value": "3",
					"description": "",
					"type": "text",
					"enabled": true
				},
				{
					"key": "product_id",
					"value": "122",
					"description": "",
					"type": "text",
					"enabled": true
				}
			],
			"dataMode": "urlencoded",
			"name": "Add Wish List",
			"description": "",
			"descriptionFormat": "html",
			"time": 1579959883308,
			"version": 2,
			"responses": [],
			"tests": null,
			"currentHelper": "normal",
			"helperAttributes": {}
		},
		{
			"id": "f8f25f51-6196-ea73-89da-59276c526782",
			"headers": "APP_KEY: 8447126401\nContent-Type: application/x-www-form-urlencoded\n",
			"headerData": [
				{
					"key": "APP_KEY",
					"value": "8447126401",
					"description": "",
					"enabled": true
				},
				{
					"key": "Content-Type",
					"value": "application/x-www-form-urlencoded",
					"description": "",
					"enabled": true
				}
			],
			"url": "http://newapp.savyajewels.net/api/search/filter",
			"queryParams": [],
			"pathVariables": {},
			"pathVariableData": [],
			"preRequestScript": null,
			"method": "POST",
			"collectionId": "4457eb63-17cf-322b-7085-8e854cce58f5",
			"data": [
				{
					"key": "purity[]",
					"value": "18k",
					"type": "text",
					"enabled": true,
					"description": ""
				},
				{
					"key": "jwellery[]",
					"value": "ring",
					"type": "text",
					"enabled": true,
					"description": ""
				},
				{
					"key": "jwellery[]",
					"value": "other",
					"type": "text",
					"enabled": true,
					"description": ""
				},
				{
					"key": "gender[]",
					"value": "Male",
					"type": "text",
					"enabled": true,
					"description": ""
				},
				{
					"key": "gender[]",
					"value": "FeMale",
					"type": "text",
					"enabled": true,
					"description": ""
				},
				{
					"key": "category[]",
					"value": "",
					"type": "text",
					"enabled": true,
					"description": ""
				},
				{
					"key": "minprice",
					"value": "0",
					"type": "text",
					"enabled": true,
					"description": ""
				},
				{
					"key": "maxprice",
					"value": "500",
					"type": "text",
					"enabled": true,
					"description": ""
				}
			],
			"dataMode": "urlencoded",
			"name": "Filter Product API",
			"description": "",
			"descriptionFormat": "html",
			"time": 1578771826141,
			"version": 2,
			"responses": [],
			"tests": null,
			"currentHelper": "normal",
			"helperAttributes": {}
		}
	]
}